Vendor,ITD Part #,Location,Cell,Item / Manufacture Part# ,Description,Blue Qty,Red Qty,Freight Policy,Package Qty,Lead Time
Amazon,,Paint Shop,,B00142BRF0,Honeywell 7600 Series Respirator,1,1,Amazon Prime,1,2 Days
Amazon,,Paint Shope,,B01GUFMBVY,"1"" Wide High Temp Tape (supply tax)",1,1,Amazon Prime,1,2 Days
Amazon,,Pressure Washer,,B00XYT5OUU,Black Cherry Car Wash Soap w/Wax 16oz,1,1,Amazon Prime,1,2 Days
Doug's Designs,ITD0480,Hardware-NEW,K08,ITD0480,"SP20,000 Boom Head Decal",50,50,Free,1,4 Days
Doug's Designs,,Hardware-NEW,K10,FF0031,Propane Rack Warning Label,200,200,Free,200,4 Days
Great Outdoors  Products,,Shipping,,RXX-2G,Rotopax 2 Gal Gas Gen 2,90,90,Reddaway,15/Pack,35 Days
Great Outdoors  Products,,Shipping,,RXX-2W,Rotopax 2 Gallon Water,15,30,Reddaway,1,35 Days
Great Outdoors  Products,,Shipping,,RX-RT,Rotopax Road and Trail  Emergency,15,30,Reddaway,1,35 Days
ITD,ITD1897,Hardware-NEW,B73,ITD1897,Keyboard Mount Pivot Bushing,12,12,Free,1,6 days
ITD,ITD5207,Hardware-NEW,C62,ITD5207,Drift Boat Anchor Handle SS,25,25,Free,1,6 days
ITD,ITD5044,Hardware-NEW,C63,ITD5044,"1.5"" x 4.5"" Fish Fighter SS Badge",25,25,Free,1,6 days
ITD,ITD5029,Hardware-NEW,C65,ITD5029,"2"" x 5"" Fish Fighter SS Badge",25,25,Free,1,6 days
McMaster-Carr,,Hardware-NEW,J17,6046K13,"1""X1/4""-20 Threaded Ball Knob",10,10,Fed Ex,1,2 Days
McMaster-Carr,,Hardware-NEW,J18,90054A249,"#10X1-1/4"" Flanged Hex Head Sheet Metal Screw",100,100,Fed Ex,100,2 Days
McMaster-Carr,ITD7103,Hardware,H33,6448K38,"1 1/4"" External Rubber Cap",20,20,,5,2 Days
McMaster-Carr,ITD7104,Hardware,H34,9283K14,"1"" Internal Poly Plug",100,100,,100,2 Days
Fribest Industry (online),RBO7042,Hardware-NEW,D52,FTVWW002BK,Manual Windshield Wiper - 400MM Black Ball ,50,50,25W4E9 $2142.31,1,7 Weeks
Fribest Industry (online),,Hardware-New,D54,Part of RBO7042,Manual Winshield Wiper Handle,50,50,,1,7 Weeks
Fribest Industry (online),RBO7000 (90 refill from shipping ),Hardware,F42,B1201-00801BK,Windshield Wiper 300MM (min order 400),500,500,UPS Freight,73/box,7 weeks